cluster,customers,monthly_charges_mean,data_usage_mean,support_mean,churn_prob_mean,next_month_spend_mean,app_penetration,app_penetration_pct
0,3829,62.75583964481587,13.006484068947506,0.1475876207887177,0.2757885389258969,70.1707139592583,0.7808827370070515,78.08827370070514
1,8448,22.631400035511366,9.002897727272726,0.1365709043560606,0.2402833937608192,26.22040956439394,0.8604403409090909,86.0440340909091
2,7723,24.289279910656482,8.76887495144374,0.16394730027191506,0.25719150252977213,27.511946134921665,0.680564547455652,68.0564547455652
